{
    "metadata":{
        "type":"Geometry",
        "generator":"io_three",
        "version":3,
        "vertices":24,
        "colors":0,
        "materials":0,
        "faces":18
    },
    "vertices":[-1.5,-0.111701,1.5,-1.5,0.111702,1.5,-1.5,-0.111702,-1.5,-1.5,0.111701,-1.5,1.5,-0.111701,1.5,1.5,0.111702,1.5,1.5,-0.111702,-1.5,1.5,0.111701,-1.5,-1.5,-2.67628,1.5,-1.5,-2.45287,1.5,-1.5,-2.67628,-1.5,-1.5,-2.45287,-1.5,1.5,-2.67628,1.5,1.5,-2.45287,1.5,1.5,-2.67628,-1.5,1.5,-2.45287,-1.5,-1.5,-5.38801,1.5,-1.5,-5.16461,1.5,-1.5,-5.38801,-1.5,-1.5,-5.16461,-1.5,1.5,-5.38801,1.5,1.5,-5.16461,1.5,1.5,-5.38801,-1.5,1.5,-5.16461,-1.5],
    "faces":[3,0,1,3,2,0,3,2,3,7,6,0,3,6,7,5,4,0,3,1,0,4,5,0,3,4,0,2,6,0,3,7,3,1,5,0,3,8,9,11,10,0,3,10,11,15,14,0,3,14,15,13,12,0,3,12,13,9,8,0,3,10,14,12,8,0,3,15,11,9,13,0,3,16,17,19,18,0,3,18,19,23,22,0,3,22,23,21,20,0,3,20,21,17,16,0,3,18,22,20,16,0,3,23,19,17,21,0],
    "colors":[],
    "materials":[]
}